dummy,ActionType,Prefix,FirstName,MiddleName,LastName,PrimaryEmail,Suffix,DateOfBirth,Gender,GolferIndexType,RequestId,PhoneType,Telephone,ActionType,AddressType,Street,Detail,City,Zip,State,Country,RequestId,ClubId,ClubNumber,AssociationId,ASSNNum
dum,Add,Mr,viascript,as,wed,scripttest@xes.com,Jr.,6/5/2015,Male,18,AssociationClubPhoneReqId,Mobile,1411536467,Add,Primary,streetindia,new1detail 1,seaattle,23483-5365,US-AL,USA,ProfileAddrReqId0,17889,1,429,297
dum,Add,Mr,pttUserForADDnew2,as2,bldnU3,ptt124@ptt.com,Jr.,6/6/2015,Male,18,AssociationClubPhoneReqId,Mobile,1423536467,Add,Primary,street2,new1detail 2,seacttle,23483-5366,US-AL,USA,ProfileAddrReqId0,17554,5001,155,5001
dum,Add,Mr,pttUserForADDnew3,as3,clnwU4,ptt125@ptt.com,Jr.,6/5/2015,Male,18,AssociationClubPhoneReqId,Mobile,1421536467,Add,Primary,streetindia,new1detail 1,seaattle,23483-5365,US-AL,USA,ProfileAddrReqId0,17554,5001,155,5001
dum,Add,Mr,pttUserForADDnew4,as1,alnsU2,ptt126@ptt.com,Jr.,6/5/2015,Male,18,AssociationClubPhoneReqId,Mobile,1411536467,Add,Primary,streetindia,new1detail 1,seaattle,23483-5365,US-AL,USA,ProfileAddrReqId0,17554,5001,155,5001
dum,Add,Mr,pttUserForADDnew5,as2,blnfU3,ptt127@ptt.com,Jr.,6/6/2015,Male,18,AssociationClubPhoneReqId,Mobile,1423536467,Add,Primary,street2,new1detail 2,seacttle,23483-5366,US-AL,USA,ProfileAddrReqId0,17554,5001,155,5001
dum,Add,Mr,pttUserForADDnew6,as3,clnvU4,ptt128@ptt.com,Jr.,6/5/2015,Male,18,AssociationClubPhoneReqId,Mobile,1421536467,Add,Primary,streetindia,new1detail 1,seaattle,23483-5365,US-AL,USA,ProfileAddrReqId0,17554,5001,155,5001
dum,Add,Mr,pttUserForADDnew7,as1,alncU2,ptt129@ptt.com,Jr.,6/5/2015,Male,18,AssociationClubPhoneReqId,Mobile,1411536467,Add,Primary,streetindia,new1detail 1,seaattle,23483-5365,US-AL,USA,ProfileAddrReqId0,17554,5001,155,5001
dum,Add,Mr,pttUserForADDnew8,as2,blnxU3,ptt130@ptt.com,Jr.,6/6/2015,Male,18,AssociationClubPhoneReqId,Mobile,1423536467,Add,Primary,street2,new1detail 2,seacttle,23483-5366,US-AL,USA,ProfileAddrReqId0,17554,5001,155,5001
dum,Add,Mr,pttUserForADDnew9,as3,clnxU4,ptt131@ptt.com,Jr.,6/5/2015,Male,18,AssociationClubPhoneReqId,Mobile,1421536467,Add,Primary,streetindia,new1detail 1,seaattle,23483-5365,US-AL,USA,ProfileAddrReqId0,17554,5001,155,5001
dum,Add,Mr,pttUserForDeletaenew10,as1,alzznU2,ptt132@ptt.com,Jr.,6/5/2015,Male,18,AssociationClubPhoneReqId,Mobile,1411536467,Add,Primary,streetindia,new1detail 1,seaattle,23483-5365,US-AL,USA,ProfileAddrReqId0,17554,5001,155,5001
dum,Add,Mr,pttUserForADDnew12,as2,blnaU3,ptt133@ptt.com,Jr.,6/6/2015,Male,18,AssociationClubPhoneReqId,Mobile,1423536467,Add,Primary,street2,new1detail 2,seacttle,23483-5366,US-AL,USA,ProfileAddrReqId0,17554,5001,155,5001
dum,Add,Mr,pttUserForADDnew13,as3,clnaaU4,ptt134@ptt.com,Jr.,6/5/2015,Male,18,AssociationClubPhoneReqId,Mobile,1421536467,Add,Primary,streetindia,new1detail 1,seaattle,23483-5365,US-AL,USA,ProfileAddrReqId0,17554,5001,155,5001
dum,Add,Mr,pttUserForADDnew14,as1,alnU2d,ptt135@ptt.com,Jr.,6/5/2015,Male,18,AssociationClubPhoneReqId,Mobile,1411536467,Add,Primary,streetindia,new1detail 1,seaattle,23483-5365,US-AL,USA,ProfileAddrReqId0,17554,5001,155,5001
dum,Add,Mr,pttUserForADDnew15,as2,blndsU3,ptt136@ptt.com,Jr.,6/6/2015,Male,18,AssociationClubPhoneReqId,Mobile,1423536467,Add,Primary,street2,new1detail 2,seacttle,23483-5366,US-AL,USA,ProfileAddrReqId0,17554,5001,155,5001
dum,Add,Mr,pttUserForADDnew16,as3,clnUs4,ptt137@ptt.com,Jr.,6/5/2015,Male,18,AssociationClubPhoneReqId,Mobile,1421536467,Add,Primary,streetindia,new1detail 1,seaattle,23483-5365,US-AL,USA,ProfileAddrReqId0,17554,5001,155,5001
dum,Add,Mr,pttUserForDzeletenew11,as1,alnUs2,ptt138@ptt.com,Jr.,6/5/2015,Male,18,AssociationClubPhoneReqId,Mobile,1411536467,Add,Primary,streetindia,new1detail 1,seaattle,23483-5365,US-AL,USA,ProfileAddrReqId0,17554,5001,155,5001
dum,Add,Mr,pttUserForaDzeletenew11,as2,blnUw3,ptt140@ptt.com,Jr.,6/6/2015,Male,18,AssociationClubPhoneReqId,Mobile,1423536467,Add,Primary,street2,new1detail 2,seacttle,23483-5366,US-AL,USA,ProfileAddrReqId0,17554,5001,155,5001
dum,Add,Mr,pttUserForDaaezletenew11,as3,clnUss4,ptt141@ptt.com,Jr.,6/5/2015,Male,18,AssociationClubPhoneReqId,Mobile,1421536467,Add,Primary,streetindia,new1detail 1,seaattle,23483-5365,US-AL,USA,ProfileAddrReqId0,17554,5001,155,5001
dum,Add,Mr,pttUserForADDnew117,as1,aln2U2,ptt142@ptt.com,Jr.,6/5/2015,Male,18,AssociationClubPhoneReqId,Mobile,1411536467,Add,Primary,streetindia,new1detail 1,seaattle,23483-5365,US-AL,USA,ProfileAddrReqId0,17554,5001,155,5001
dum,Add,Mr,pttUserForADDnew18,as2,bldnU3,ptt143@ptt.com,Jr.,6/6/2015,Male,18,AssociationClubPhoneReqId,Mobile,1423536467,Add,Primary,street2,new1detail 2,seacttle,23483-5366,US-AL,USA,ProfileAddrReqId0,17554,5001,155,5001
dum,Add,Mr,pttUserForADDnew19,as3,clnwU4,ptt144@ptt.com,Jr.,6/5/2015,Male,18,AssociationClubPhoneReqId,Mobile,1421536467,Add,Primary,streetindia,new1detail 1,seaattle,23483-5365,US-AL,USA,ProfileAddrReqId0,17554,5001,155,5001
dum,Add,Mr,pttUserForADDnew20,as1,alnsU2,ptt145@ptt.com,Jr.,6/5/2015,Male,18,AssociationClubPhoneReqId,Mobile,1411536467,Add,Primary,streetindia,new1detail 1,seaattle,23483-5365,US-AL,USA,ProfileAddrReqId0,17554,5001,155,5001
dum,Add,Mr,pttUserForADDnew21,as2,blnfU3,ptt146@ptt.com,Jr.,6/6/2015,Male,18,AssociationClubPhoneReqId,Mobile,1423536467,Add,Primary,street2,new1detail 2,seacttle,23483-5366,US-AL,USA,ProfileAddrReqId0,17554,5001,155,5001
dum,Add,Mr,pttUserForADDnew23,as3,clnvU4,ptt147@ptt.com,Jr.,6/5/2015,Male,18,AssociationClubPhoneReqId,Mobile,1421536467,Add,Primary,streetindia,new1detail 1,seaattle,23483-5365,US-AL,USA,ProfileAddrReqId0,17554,5001,155,5001
dum,Add,Mr,pttUserForADDnew24,as1,alncU2,ptt148@ptt.com,Jr.,6/5/2015,Male,18,AssociationClubPhoneReqId,Mobile,1411536467,Add,Primary,streetindia,new1detail 1,seaattle,23483-5365,US-AL,USA,ProfileAddrReqId0,17554,5001,155,5001
dum,Add,Mr,pttUserForADDnew26,as2,blnxU3,ptt149@ptt.com,Jr.,6/6/2015,Male,18,AssociationClubPhoneReqId,Mobile,1423536467,Add,Primary,street2,new1detail 2,seacttle,23483-5366,US-AL,USA,ProfileAddrReqId0,17554,5001,155,5001
dum,Add,Mr,pttUserForADDnew27,as3,clnxU4,ptt150@ptt.com,Jr.,6/5/2015,Male,18,AssociationClubPhoneReqId,Mobile,1421536467,Add,Primary,streetindia,new1detail 1,seaattle,23483-5365,US-AL,USA,ProfileAddrReqId0,17554,5001,155,5001
dum,Add,Mr,pttUserForADDnew28,as1,alzznU2,ptt151@ptt.com,Jr.,6/5/2015,Male,18,AssociationClubPhoneReqId,Mobile,1411536467,Add,Primary,streetindia,new1detail 1,seaattle,23483-5365,US-AL,USA,ProfileAddrReqId0,17554,5001,155,5001
dum,Add,Mr,pttUserForADDnew29,as2,blnaU3,ptt152@ptt.com,Jr.,6/6/2015,Male,18,AssociationClubPhoneReqId,Mobile,1423536467,Add,Primary,street2,new1detail 2,seacttle,23483-5366,US-AL,USA,ProfileAddrReqId0,17554,5001,155,5001
dum,Add,Mr,pttUserForADDnew30,as3,clnaaU4,ptt153@ptt.com,Jr.,6/5/2015,Male,18,AssociationClubPhoneReqId,Mobile,1421536467,Add,Primary,streetindia,new1detail 1,seaattle,23483-5365,US-AL,USA,ProfileAddrReqId0,17554,5001,155,5001
dum,Add,Mr,pttUserForADDnew31,as1,alnU2d,ptt154@ptt.com,Jr.,6/5/2015,Male,18,AssociationClubPhoneReqId,Mobile,1411536467,Add,Primary,streetindia,new1detail 1,seaattle,23483-5365,US-AL,USA,ProfileAddrReqId0,17554,5001,155,5001
dum,Add,Mr,pttUserForADDnew32,as2,blndsU3,ptt155@ptt.com,Jr.,6/6/2015,Male,18,AssociationClubPhoneReqId,Mobile,1423536467,Add,Primary,street2,new1detail 2,seacttle,23483-5366,US-AL,USA,ProfileAddrReqId0,17554,5001,155,5001
dum,Add,Mr,pttUserForADDnew33,as3,clnUs4,ptt156@ptt.com,Jr.,6/5/2015,Male,18,AssociationClubPhoneReqId,Mobile,1421536467,Add,Primary,streetindia,new1detail 1,seaattle,23483-5365,US-AL,USA,ProfileAddrReqId0,17554,5001,155,5001
dum,Add,Mr,pttUserForADDnew34,as1,alnUs2,ptt157@ptt.com,Jr.,6/5/2015,Male,18,AssociationClubPhoneReqId,Mobile,1411536467,Add,Primary,streetindia,new1detail 1,seaattle,23483-5365,US-AL,USA,ProfileAddrReqId0,17554,5001,155,5001
dum,Add,Mr,pttUserForADDnew35,as2,blnUw3,ptt158@ptt.com,Jr.,6/6/2015,Male,18,AssociationClubPhoneReqId,Mobile,1423536467,Add,Primary,street2,new1detail 2,seacttle,23483-5366,US-AL,USA,ProfileAddrReqId0,17554,5001,155,5001
dum,Add,Mr,pttUserForADDnew36,as3,clnUss4,ptt159@ptt.com,Jr.,6/5/2015,Male,18,AssociationClubPhoneReqId,Mobile,1421536467,Add,Primary,streetindia,new1detail 1,seaattle,23483-5365,US-AL,USA,ProfileAddrReqId0,17554,5001,155,5001
dum,Add,Mr,pttUserForADDnew37,as3,clnUss4,ptt160@ptt.com,Jr.,6/5/2015,Male,18,AssociationClubPhoneReqId,Mobile,1411536467,Add,Primary,streetindia,new1detail 1,seaattle,23483-5365,US-AL,USA,ProfileAddrReqId0,17554,5001,155,5001
dum,Add,Mr,pttUserForADDnew38,as3,clnUss4,ptt161@ptt.com,Jr.,6/6/2015,Male,18,AssociationClubPhoneReqId,Mobile,1423536467,Add,Primary,streetindia,new1detail 1,seaattle,23483-5366,US-AL,USA,ProfileAddrReqId0,17554,5001,155,5001
dum,Add,Mr,pttUserForADDnew39,as3,clnUss4,ptt162@ptt.com,Jr.,6/5/2015,Male,18,AssociationClubPhoneReqId,Mobile,1421536467,Add,Primary,streetindia,new1detail 1,seaattle,23483-5365,US-AL,USA,ProfileAddrReqId0,17554,5001,155,5001
dum,Add,Mr,pttUserForADDnew40,as3,clnUss4,ptt163@ptt.com,Jr.,6/5/2015,Male,18,AssociationClubPhoneReqId,Mobile,1411536467,Add,Primary,streetindia,new1detail 1,seaattle,23483-5365,US-AL,USA,ProfileAddrReqId0,17554,5001,155,5001
dum,Add,Mr,pttUserForADDnew41,as3,clnUss4,ptt164@ptt.com,Jr.,6/6/2015,Male,18,AssociationClubPhoneReqId,Mobile,1423536467,Add,Primary,streetindia,new1detail 1,seaattle,23483-5366,US-AL,USA,ProfileAddrReqId0,17554,5001,155,5001
dum,Add,Mr,pttUserForADDnew43,as3,clnUss4,ptt165@ptt.com,Jr.,6/5/2015,Male,18,AssociationClubPhoneReqId,Mobile,1421536467,Add,Primary,streetindia,new1detail 1,seaattle,23483-5365,US-AL,USA,ProfileAddrReqId0,17554,5001,155,5001
dum,Add,Mr,pttUserForADDnew44,as3,clnUss4,ptt166@ptt.com,Jr.,6/5/2015,Male,18,AssociationClubPhoneReqId,Mobile,1411536467,Add,Primary,streetindia,new1detail 1,seaattle,23483-5365,US-AL,USA,ProfileAddrReqId0,17554,5001,155,5001
dum,Add,Mr,pttUserForADDnew45,as3,clnUss4,ptt167@ptt.com,Jr.,6/6/2015,Male,18,AssociationClubPhoneReqId,Mobile,1423536467,Add,Primary,streetindia,new1detail 1,seaattle,23483-5366,US-AL,USA,ProfileAddrReqId0,17554,5001,155,5001
dum,Add,Mr,pttUserForADDnew46,as3,clnUss4,ptt168@ptt.com,Jr.,6/5/2015,Male,18,AssociationClubPhoneReqId,Mobile,1421536467,Add,Primary,streetindia,new1detail 1,seaattle,23483-5365,US-AL,USA,ProfileAddrReqId0,17554,5001,155,5001
dum,Add,Mr,pttUserForADDnew47,as3,clnUss4,ptt169@ptt.com,Jr.,6/5/2015,Male,18,AssociationClubPhoneReqId,Mobile,1411536467,Add,Primary,streetindia,new1detail 1,seaattle,23483-5365,US-AL,USA,ProfileAddrReqId0,17554,5001,155,5001
dum,Add,Mr,pttUserForADDnew48,as3,clnUss4,ptt170@ptt.com,Jr.,6/6/2015,Male,18,AssociationClubPhoneReqId,Mobile,1423536467,Add,Primary,streetindia,new1detail 1,seaattle,23483-5366,US-AL,USA,ProfileAddrReqId0,17554,5001,155,5001
dum,Add,Mr,pttUserForADDnew49,as3,clnUss4,ptt171@ptt.com,Jr.,6/5/2015,Male,18,AssociationClubPhoneReqId,Mobile,1421536467,Add,Primary,streetindia,new1detail 1,seaattle,23483-5365,US-AL,USA,ProfileAddrReqId0,17554,5001,155,5001
dum,Add,Mr,pttUserForADDnew50,as3,clnUss4,ptt172@ptt.com,Jr.,6/5/2015,Male,18,AssociationClubPhoneReqId,Mobile,1411536467,Add,Primary,streetindia,new1detail 1,seaattle,23483-5365,US-AL,USA,ProfileAddrReqId0,17554,5001,155,5001
dum,Add,Mr,pttUserForADDnew51,as3,clnUss4,ptt173@ptt.com,Jr.,6/6/2015,Male,18,AssociationClubPhoneReqId,Mobile,1423536467,Add,Primary,streetindia,new1detail 1,seaattle,23483-5366,US-AL,USA,ProfileAddrReqId0,17554,5001,155,5001
dum,Add,Mr,pttUserForADDnew52,as3,clnUss4,ptt174@ptt.com,Jr.,6/5/2015,Male,18,AssociationClubPhoneReqId,Mobile,1421536467,Add,Primary,streetindia,new1detail 1,seaattle,23483-5365,US-AL,USA,ProfileAddrReqId0,17554,5001,155,5001
dum,Add,Mr,pttUserForADDnew53,as3,clnUss4,ptt175@ptt.com,Jr.,6/5/2015,Male,18,AssociationClubPhoneReqId,Mobile,1411536467,Add,Primary,streetindia,new1detail 1,seaattle,23483-5365,US-AL,USA,ProfileAddrReqId0,17556,1,158,4456
dum,Add,Mr,pttUserForADDnew54,as3,clnUss4,ptt176@ptt.com,Jr.,6/6/2015,Male,18,AssociationClubPhoneReqId,Mobile,1423536467,Add,Primary,streetindia,new1detail 1,seaattle,23483-5366,US-AL,USA,ProfileAddrReqId0,17556,1,158,4456
dum,Add,Mr,pttUserForADDnew55,as3,clnUss4,ptt177@ptt.com,Jr.,6/5/2015,Male,18,AssociationClubPhoneReqId,Mobile,1421536467,Add,Primary,streetindia,new1detail 1,seaattle,23483-5365,US-AL,USA,ProfileAddrReqId0,17556,1,158,4456
dum,Add,Mr,pttUserForADDnew56,as3,clnUss4,ptt178@ptt.com,Jr.,6/5/2015,Male,18,AssociationClubPhoneReqId,Mobile,1411536467,Add,Primary,streetindia,new1detail 1,seaattle,23483-5365,US-AL,USA,ProfileAddrReqId0,17556,1,158,4456
dum,Add,Mr,pttUserForADDnew57,as3,clnUss4,ptt179@ptt.com,Jr.,6/6/2015,Male,18,AssociationClubPhoneReqId,Mobile,1423536467,Add,Primary,streetindia,new1detail 1,seaattle,23483-5366,US-AL,USA,ProfileAddrReqId0,17556,1,158,4456
dum,Add,Mr,pttUserForADDnew58,as3,clnUss4,ptt180@ptt.com,Jr.,6/5/2015,Male,18,AssociationClubPhoneReqId,Mobile,1421536467,Add,Primary,streetindia,new1detail 1,seaattle,23483-5365,US-AL,USA,ProfileAddrReqId0,17556,1,158,4456
dum,Add,Mr,pttUserForADDnewa,as3,clnUss4,ptt181@ptt.com,Jr.,6/5/2015,Male,18,AssociationClubPhoneReqId,Mobile,1411536467,Add,Primary,streetindia,new1detail 1,seaattle,23483-5365,US-AL,USA,ProfileAddrReqId0,17556,1,158,4456
dum,Add,Mr,pttUserForADDnew11,as3,clnUss4,ptt182@ptt.com,Jr.,6/6/2015,Male,18,AssociationClubPhoneReqId,Mobile,1423536467,Add,Primary,streetindia,new1detail 1,seaattle,23483-5366,US-AL,USA,ProfileAddrReqId0,17556,1,158,4456
dum,Add,Mr,pttUserForADDaanew11,as3,clnUss4,ptt183@ptt.com,Jr.,6/5/2015,Male,18,AssociationClubPhoneReqId,Mobile,1421536467,Add,Primary,streetindia,new1detail 1,seaattle,23483-5365,US-AL,USA,ProfileAddrReqId0,17556,1,158,4456
dum,Add,Mr,pttUserForD1eletenew11,as3,clnUss4,ptt184@ptt.com,Jr.,6/5/2015,Male,18,AssociationClubPhoneReqId,Mobile,1411536467,Add,Primary,streetindia,new1detail 1,seaattle,23483-5365,US-AL,USA,ProfileAddrReqId0,17556,1,158,4456
dum,Add,Mr,pttUserForDel2etenew11,as3,clnUss4,ptt185@ptt.com,Jr.,6/6/2015,Male,18,AssociationClubPhoneReqId,Mobile,1423536467,Add,Primary,streetindia,new1detail 1,seaattle,23483-5366,US-AL,USA,ProfileAddrReqId0,17556,1,158,4456
dum,Add,Mr,pttUserForDel3etenew11,as3,clnUss4,ptt186@ptt.com,Jr.,6/5/2015,Male,18,AssociationClubPhoneReqId,Mobile,1421536467,Add,Primary,streetindia,new1detail 1,seaattle,23483-5365,US-AL,USA,ProfileAddrReqId0,17556,1,158,4456
dum,Add,Mr,pttUserFo3rADDnew11,as3,clnUss4,ptt187@ptt.com,Jr.,6/5/2015,Male,18,AssociationClubPhoneReqId,Mobile,1411536467,Add,Primary,streetindia,new1detail 1,seaattle,23483-5365,US-AL,USA,ProfileAddrReqId0,17556,1,158,4456
dum,Add,Mr,pttUserFor33ADDnew11,as3,clnUss4,ptt188@ptt.com,Jr.,6/6/2015,Male,18,AssociationClubPhoneReqId,Mobile,1423536467,Add,Primary,streetindia,new1detail 1,seaattle,23483-5365,US-AL,USA,ProfileAddrReqId0,17556,1,158,4456
dum,Add,Mr,pttUserF444orADDnew11,as3,clnUss4,ptt189@ptt.com,Jr.,6/5/2015,Male,18,AssociationClubPhoneReqId,Mobile,1411536467,Add,Primary,streetindia,new1detail 1,seaattle,23483-5366,US-AL,USA,ProfileAddrReqId0,17556,1,158,4456
dum,Add,Mr,pttUserForD33eletenew11,as3,clnUss4,ptt190@ptt.com,Jr.,6/5/2015,Male,18,AssociationClubPhoneReqId,Mobile,1423536467,Add,Primary,streetindia,new1detail 1,seaattle,23483-5365,US-AL,USA,ProfileAddrReqId0,17556,1,158,4456
dum,Add,Mr,pttUser21ForADDnew11,as3,clnUss4,ptt191@ptt.com,Jr.,6/6/2015,Male,18,AssociationClubPhoneReqId,Mobile,1421536467,Add,Primary,streetindia,new1detail 1,seaattle,23483-5365,US-AL,USA,ProfileAddrReqId0,17556,1,158,4456
dum,Add,Mr,pttUserForDele2211tenew11,as3,clnUss4,ptt192@ptt.com,Jr.,6/5/2015,Male,18,AssociationClubPhoneReqId,Mobile,1411536467,Add,Primary,streetindia,new1detail 1,seaattle,23483-5366,US-AL,USA,ProfileAddrReqId0,17556,1,158,4456
dum,Add,Mr,pttUserForADDcdnew11,as3,clnUss4,ptt193@ptt.com,Jr.,6/5/2015,Male,18,AssociationClubPhoneReqId,Mobile,1423536467,Add,Primary,streetindia,new1detail 1,seaattle,23483-5365,US-AL,USA,ProfileAddrReqId0,17556,1,158,4456
dum,Add,Mr,pttUserForADDftgnew11,as3,clnUss4,ptt194@ptt.com,Jr.,6/6/2015,Male,18,AssociationClubPhoneReqId,Mobile,1421536467,Add,Primary,streetindia,new1detail 1,seaattle,23483-5365,US-AL,USA,ProfileAddrReqId0,17556,1,158,4456
dum,Add,Mr,pttUserF1qaorADDnew11,as3,clnUss4,ptt195@ptt.com,Jr.,6/5/2015,Male,18,AssociationClubPhoneReqId,Mobile,1411536467,Add,Primary,streetindia,new1detail 1,seaattle,23483-5366,US-AL,USA,ProfileAddrReqId0,17556,1,158,4456
dum,Add,Mr,pttUserF98orADDnew11,as3,clnUss4,ptt196@ptt.com,Jr.,6/5/2015,Male,18,AssociationClubPhoneReqId,Mobile,1423536467,Add,Primary,streetindia,new1detail 1,seaattle,23483-5365,US-AL,USA,ProfileAddrReqId0,17556,1,158,4456
dum,Add,Mr,pttUserFosce211rADDnew11,as3,clnUss4,ptt197@ptt.com,Jr.,6/6/2015,Male,18,AssociationClubPhoneReqId,Mobile,1421536467,Add,Primary,streetindia,new1detail 1,seaattle,23483-5365,US-AL,USA,ProfileAddrReqId0,17556,1,158,4456
dum,Add,Mr,pttUserForADDTcvxzxzest11,as3,clnUss4,ptt198@ptt.com,Jr.,6/5/2015,Male,18,AssociationClubPhoneReqId,Mobile,1411536467,Add,Primary,streetindia,new1detail 1,seaattle,23483-5366,US-AL,USA,ProfileAddrReqId0,17556,1,158,4456
dum,Add,Mr,pttUserForDcveletenew11,as3,clnUss4,ptt199@ptt.com,Jr.,6/5/2015,Male,18,AssociationClubPhoneReqId,Mobile,1423536467,Add,Primary,streetindia,new1detail 1,seaattle,23483-5365,US-AL,USA,ProfileAddrReqId0,17556,1,158,4456
dum,Add,Mr,pttUserFvccorADDnew11,as3,clnUss4,ptt200@ptt.com,Jr.,6/6/2015,Male,18,AssociationClubPhoneReqId,Mobile,1421536467,Add,Primary,streetindia,new1detail 1,seaattle,23483-5365,US-AL,USA,ProfileAddrReqId0,17556,1,158,4456
dum,Add,Mr,pttUserForDxxaeletenew11,as3,clnUss4,ptt201@ptt.com,Jr.,6/5/2015,Male,18,AssociationClubPhoneReqId,Mobile,1411536467,Add,Primary,streetindia,new1detail 1,seaattle,23483-5366,US-AL,USA,ProfileAddrReqId0,17556,1,158,4456
dum,Add,Mr,pttUserForDele12kltenew11,as3,clnUss4,ptt202@ptt.com,Jr.,6/5/2015,Male,18,AssociationClubPhoneReqId,Mobile,1423536467,Add,Primary,streetindia,new1detail 1,seaattle,23483-5365,US-AL,USA,ProfileAddrReqId0,17556,1,158,4456
dum,Add,Mr,pttUserForDemkletenew11,as3,clnUss4,ptt203@ptt.com,Jr.,6/6/2015,Male,18,AssociationClubPhoneReqId,Mobile,1421536467,Add,Primary,streetindia,new1detail 1,seaattle,23483-5365,US-AL,USA,ProfileAddrReqId0,17556,1,158,4456
dum,Add,Mr,pttUserForDlkmeletenew11,as3,clnUss4,ptt204@ptt.com,Jr.,6/5/2015,Male,18,AssociationClubPhoneReqId,Mobile,1411536467,Add,Primary,streetindia,new1detail 1,seaattle,23483-5366,US-AL,USA,ProfileAddrReqId0,17556,1,158,4456
dum,Add,Mr,pttUserForDsd1eletenew11,as3,clnUss4,ptt205@ptt.com,Jr.,6/5/2015,Male,18,AssociationClubPhoneReqId,Mobile,1423536467,Add,Primary,streetindia,new1detail 1,seaattle,23483-5365,US-AL,USA,ProfileAddrReqId0,17556,1,158,4456
dum,Add,Mr,ptt11UserForADDnew11,as3,clnUss4,ptt206@ptt.com,Jr.,6/6/2015,Male,18,AssociationClubPhoneReqId,Mobile,1421536467,Add,Primary,streetindia,new1detail 1,seaattle,23483-5365,US-AL,USA,ProfileAddrReqId0,17556,1,158,4456
dum,Add,Mr,pttU12serForADDnew11,as3,clnUss4,ptt207@ptt.com,Jr.,6/5/2015,Male,18,AssociationClubPhoneReqId,Mobile,1411536467,Add,Primary,streetindia,new1detail 1,seaattle,23483-5366,US-AL,USA,ProfileAddrReqId0,17556,1,158,4456
dum,Add,Mr,pttUs122dserForADDnew11,as3,clnUss4,ptt208@ptt.com,Jr.,6/5/2015,Male,18,AssociationClubPhoneReqId,Mobile,1423536467,Add,Primary,streetindia,new1detail 1,seaattle,23483-5365,US-AL,USA,ProfileAddrReqId0,17556,1,158,4456
dum,Add,Mr,pttUserFossdsnADDnew11,as3,clnUss4,ptt209@ptt.com,Jr.,6/6/2015,Male,18,AssociationClubPhoneReqId,Mobile,1421536467,Add,Primary,streetindia,new1detail 1,seaattle,23483-5365,US-AL,USA,ProfileAddrReqId0,17556,1,158,4456
dum,Add,Mr,pttUserForDnjeletenew11,as3,clnUss4,ptt210@ptt.com,Jr.,6/5/2015,Male,18,AssociationClubPhoneReqId,Mobile,1411536467,Add,Primary,streetindia,new1detail 1,seaattle,23483-5366,US-AL,USA,ProfileAddrReqId0,17556,1,158,4456
dum,Add,Mr,pttUserForDekletenew11,as3,clnUss4,ptt211@ptt.com,Jr.,6/5/2015,Male,18,AssociationClubPhoneReqId,Mobile,1423536467,Add,Primary,streetindia,new1detail 1,seaattle,23483-5365,US-AL,USA,ProfileAddrReqId0,17556,1,158,4456
dum,Add,Mr,pttUserForDeletlenew11,as3,clnUss4,ptt212@ptt.com,Jr.,6/6/2015,Male,18,AssociationClubPhoneReqId,Mobile,1421536467,Add,Primary,streetindia,new1detail 1,seaattle,23483-5365,US-AL,USA,ProfileAddrReqId0,17556,1,158,4456
dum,Add,Mr,pttUserForDmeletenew11,as3,clnUss4,ptt213@ptt.com,Jr.,6/5/2015,Male,18,AssociationClubPhoneReqId,Mobile,1411536467,Add,Primary,streetindia,new1detail 1,seaattle,23483-5366,US-AL,USA,ProfileAddrReqId0,17556,1,158,4456
dum,Add,Mr,pttUserForDeletnoenew11,as3,clnUss4,ptt214@ptt.com,Jr.,6/5/2015,Male,18,AssociationClubPhoneReqId,Mobile,1423536467,Add,Primary,streetindia,new1detail 1,seaattle,23483-5365,US-AL,USA,ProfileAddrReqId0,17556,1,158,4456
dum,Add,Mr,pttUserForDelepqtenew11,as3,clnUss4,ptt215@ptt.com,Jr.,6/6/2015,Male,18,AssociationClubPhoneReqId,Mobile,1421536467,Add,Primary,streetindia,new1detail 1,seaattle,23483-5365,US-AL,USA,ProfileAddrReqId0,17556,1,158,4456
dum,Add,Mr,pttUserFrstorADDnew11,as3,clnUss4,ptt216@ptt.com,Jr.,6/5/2015,Male,18,AssociationClubPhoneReqId,Mobile,1411536467,Add,Primary,streetindia,new1detail 1,seaattle,23483-5365,US-AL,USA,ProfileAddrReqId0,17556,1,158,4456
dum,Add,Mr,pttUserForDvxeletenew11,as3,clnUss4,ptt217@ptt.com,Jr.,6/5/2015,Male,18,AssociationClubPhoneReqId,Mobile,1423536467,Add,Primary,streetindia,new1detail 1,seaattle,23483-5366,US-AL,USA,ProfileAddrReqId0,17556,1,158,4456
dum,Add,Mr,pttUserForDeleyztenew11,as3,clnUss4,ptt218@ptt.com,Jr.,6/6/2015,Male,18,AssociationClubPhoneReqId,Mobile,1411536467,Add,Primary,streetindia,new1detail 1,seaattle,23483-5365,US-AL,USA,ProfileAddrReqId0,17556,1,158,4456
dum,Add,Mr,pttUsa1erForADDnew11,as3,clnUss4,ptt219@ptt.com,Jr.,6/5/2015,Male,18,AssociationClubPhoneReqId,Mobile,1423536467,Add,Primary,streetindia,new1detail 1,seaattle,23483-5365,US-AL,USA,ProfileAddrReqId0,17556,1,158,4456
dum,Add,Mr,pttUserForDs127eletenew11,as3,clnUss4,ptt220@ptt.com,Jr.,6/5/2015,Male,18,AssociationClubPhoneReqId,Mobile,1421536467,Add,Primary,streetindia,new1detail 1,seaattle,23483-5366,US-AL,USA,ProfileAddrReqId0,17556,1,158,4456
dum,Add,Mr,pttUserForDcfgeletenew11,as3,clnUss4,ptt221@ptt.com,Jr.,6/6/2015,Male,18,AssociationClubPhoneReqId,Mobile,1411536467,Add,Primary,streetindia,new1detail 1,seaattle,23483-5365,US-AL,USA,ProfileAddrReqId0,17556,1,158,4456
dum,Add,Mr,pttUserFocatrADDnew11,as3,clnUss4,ptt222@ptt.com,Jr.,6/5/2015,Male,18,AssociationClubPhoneReqId,Mobile,1423536467,Add,Primary,streetindia,new1detail 1,seaattle,23483-5365,US-AL,USA,ProfileAddrReqId0,17556,1,158,4456
dum,Add,Mr,pttUserForDmaneletenew11,as3,clnUss4,ptt223@ptt.com,Jr.,6/5/2015,Male,18,AssociationClubPhoneReqId,Mobile,1421536467,Add,Primary,streetindia,new1detail 1,seaattle,23483-5366,US-AL,USA,ProfileAddrReqId0,17556,1,158,4456
dum,Add,Mr,pttUserForDelmenetenew11,as3,clnUss4,ptt224@ptt.com,Jr.,6/6/2015,Male,18,AssociationClubPhoneReqId,Mobile,1411536467,Add,Primary,streetindia,new1detail 1,seaattle,23483-5365,US-AL,USA,ProfileAddrReqId0,17556,1,158,4456
dum,Add,Mr,pttUserForDeletpolenew11,as3,clnUss4,ptt225@ptt.com,Jr.,6/5/2015,Male,18,AssociationClubPhoneReqId,Mobile,1423536467,Add,Primary,streetindia,new1detail 1,seaattle,23483-5365,US-AL,USA,ProfileAddrReqId0,17556,1,158,4456
dum,Add,Mr,pttUserForDelpolietenew11,as3,clnUss4,ptt226@ptt.com,Jr.,6/5/2015,Male,18,AssociationClubPhoneReqId,Mobile,1421536467,Add,Primary,streetindia,new1detail 1,seaattle,23483-5366,US-AL,USA,ProfileAddrReqId0,17556,1,158,4456
dum,Add,Mr,pttUserForxcx5ADDnew11,as3,clnUss4,ptt227@ptt.com,Jr.,6/6/2015,Male,18,AssociationClubPhoneReqId,Mobile,1411536467,Add,Primary,streetindia,new1detail 1,seaattle,23483-5365,US-AL,USA,ProfileAddrReqId0,17556,1,158,4456
dum,Add,Mr,pttUserForDelenhju8tenew11,as3,clnUss4,ptt228@ptt.com,Jr.,6/5/2015,Male,18,AssociationClubPhoneReqId,Mobile,1423536467,Add,Primary,streetindia,new1detail 1,seaattle,23483-5365,US-AL,USA,ProfileAddrReqId0,17556,1,158,4456
dum,Add,Mr,pttUsersdsForADDnew11,as3,clnUss4,ptt229@ptt.com,Jr.,6/5/2015,Male,18,AssociationClubPhoneReqId,Mobile,1421536467,Add,Primary,streetindia,new1detail 1,seaattle,23483-5366,US-AL,USA,ProfileAddrReqId0,17556,1,158,4456
dum,Add,Mr,pttUserForADDvvfgnew11,as3,clnUss4,ptt230@ptt.com,Jr.,6/6/2015,Male,18,AssociationClubPhoneReqId,Mobile,1411536467,Add,Primary,streetindia,new1detail 1,seaattle,23483-5365,US-AL,USA,ProfileAddrReqId0,17556,1,158,4456
dum,Add,Mr,pttUserForADDTedst11,as3,clnUss4,ptt231@ptt.com,Jr.,6/5/2015,Male,18,AssociationClubPhoneReqId,Mobile,1423536467,Add,Primary,streetindia,new1detail 1,seaattle,23483-5365,US-AL,USA,ProfileAddrReqId0,17556,1,158,4456
dum,Add,Mr,pttUserForADDnew198,as3,clnUss4,ptt232@ptt.com,Jr.,6/6/2015,Male,18,AssociationClubPhoneReqId,Mobile,1421536467,Add,Primary,streetindia,new1detail 1,seaattle,23483-5366,US-AL,USA,ProfileAddrReqId0,17556,1,158,4456
dum,Add,Mr,pttUserForADDnew2111,as3,clnUss4,ptt233@ptt.com,Jr.,6/5/2015,Male,18,AssociationClubPhoneReqId,Mobile,1411536467,Add,Primary,streetindia,new1detail 1,seaattle,23483-5365,US-AL,USA,ProfileAddrReqId0,17556,1,158,4456